emoji1.jpg, 1
emoji2.jpg, 1
emoji3.jpg, 1
emoji4.jpg, 1
emoji5.jpg, 1
emoji6.jpg, 1
emoji7.jpg, 1
emoji8.jpg, 1
emoji9.jpg, 1
emoji10.jpg, 1
emoji11.jpg, 1
emoji12.jpg, 1
emoji13.jpg, 1
emoji14.jpg, 1
emoji15.jpg, 1
emoji16.jpg, 1
emoji17.jpg, 1
emoji18.jpg, 1
emoji19.jpg, 1
emoji20.jpg, 1
emoji21.jpg, 1
emoji22.jpg, 1
emoji23.jpg, 1
emoji24.jpg, 1
emoji25.jpg, 1
emoji26.jpg, 1
emoji27.jpg, 1
emoji28.jpg, 1
emoji29.jpg, 1
emoji30.jpg, 1
emoji31.jpg, 1
emoji32.jpg, 1
emoji33.jpg, 1
emoji34.jpg, 1
emoji35.jpg, 1
emoji36.jpg, 1
emoji37.jpg, 1
emoji38.jpg, 1
emoji39.jpg, 1
emoji40.jpg, 1
emoji41.jpg, 1
emoji42.jpg, 1
emoji43.jpg, 1
emoji44.jpg, 1
emoji45.jpg, 1
emoji46.jpg, 1
emoji47.jpg, 1
emoji48.jpg, 1
emoji49.jpg, 1
emoji50.jpg, 1
emoji51.jpg, 1
emoji52.jpg, 1
emoji53.jpg, 1
emoji54.jpg, 1
emoji55.jpg, 1
emoji56.jpg, 1
emoji57.jpg, 1
emoji58.jpg, 1
emoji59.jpg, 1
emoji60.jpg, 1
emoji61.jpg, 1
emoji62.jpg, 1
emoji63.jpg, 1
emoji64.jpg, 1
emoji65.jpg, 1
emoji66.jpg, 1
emoji67.jpg, 1
emoji68.jpg, 1
emoji69.jpg, 1
emoji70.jpg, 1
emoji71.jpg, 1
emoji72.jpg, 1
emoji73.jpg, 1
emoji74.jpg, 1
emoji75.jpg, 1
emoji76.jpg, 1
emoji77.jpg, 1
emoji78.jpg, 1
emoji79.jpg, 1
emoji80.jpg, 1
emoji81.jpg, 1
emoji82.jpg, 1
